employee_id,fecha,dia_semana,org_unit_id,cargo,shift_id,es_saliente,nota
15777895-1,2026-03-30,LUN,PERU 805,Operador,LIBRE,0,etapa3_final
15777895-1,2026-03-31,MAR,PERU 805,Operador,S_1130_2130_60,0,etapa3_final
15777895-1,2026-04-01,MIE,PERU 805,Operador,S_1130_2130_60,0,etapa3_final
15777895-1,2026-04-02,JUE,PERU 805,Operador,S_1130_2130_60,0,etapa3_final
15777895-1,2026-04-03,VIE,PERU 805,Operador,S_0730_1630_60,0,etapa3_final
15777895-1,2026-04-04,SAB,PERU 805,Operador,S_1130_2130_60,0,etapa3_final
15777895-1,2026-04-05,DOM,PERU 805,Operador,LIBRE,0,etapa3_final
15777895-1,2026-04-06,LUN,PERU 805,Operador,S_1130_2130_60,0,etapa3_final
15777895-1,2026-04-07,MAR,PERU 805,Operador,S_1130_2130_60,0,etapa3_final
15777895-1,2026-04-08,MIE,PERU 805,Operador,S_1430_2130_60,0,etapa3_final
15777895-1,2026-04-09,JUE,PERU 805,Operador,S_1130_2130_60,0,etapa3_final
15777895-1,2026-04-10,VIE,PERU 805,Operador,S_0800-1430_60,0,etapa3_final
15777895-1,2026-04-11,SAB,PERU 805,Operador,S_0800-1430_60,0,etapa3_final
15777895-1,2026-04-12,DOM,PERU 805,Operador,LIBRE,0,etapa3_final
15777895-1,2026-04-13,LUN,PERU 805,Operador,S_0730_1630_60,0,etapa3_final
15777895-1,2026-04-14,MAR,PERU 805,Operador,S_1130_2130_60,0,etapa3_final
15777895-1,2026-04-15,MIE,PERU 805,Operador,S_0730_1430_60,0,etapa3_final
15777895-1,2026-04-16,JUE,PERU 805,Operador,S_1430_2130_60,0,etapa3_final
15777895-1,2026-04-17,VIE,PERU 805,Operador,S_1430_2130_60,0,etapa3_final
15777895-1,2026-04-18,SAB,PERU 805,Operador,LIBRE,0,etapa3_final
15777895-1,2026-04-19,DOM,PERU 805,Operador,S_1130_2130_60,0,etapa3_final
15777895-1,2026-04-20,LUN,PERU 805,Operador,S_0730_1430_60,0,etapa3_final
15777895-1,2026-04-21,MAR,PERU 805,Operador,S_1130_2130_60,0,etapa3_final
15777895-1,2026-04-22,MIE,PERU 805,Operador,S_1130_2130_60,0,etapa3_final
15777895-1,2026-04-23,JUE,PERU 805,Operador,S_1130_2130_60,0,etapa3_final
15777895-1,2026-04-24,VIE,PERU 805,Operador,LIBRE,0,etapa3_final
15777895-1,2026-04-25,SAB,PERU 805,Operador,S_0800-1430_60,0,etapa3_final
15777895-1,2026-04-26,DOM,PERU 805,Operador,S_0800-1430_60,0,etapa3_final
17375535-K,2026-03-30,LUN,PERU 805,Operador,S_1130_2130_60,0,etapa3_final
17375535-K,2026-03-31,MAR,PERU 805,Operador,S_0800-1430_60,0,etapa3_final
17375535-K,2026-04-01,MIE,PERU 805,Operador,S_0800-1430_60,0,etapa3_final
17375535-K,2026-04-02,JUE,PERU 805,Operador,S_0730_1430_60,0,etapa3_final
17375535-K,2026-04-03,VIE,PERU 805,Operador,S_1130_2130_60,0,etapa3_final
17375535-K,2026-04-04,SAB,PERU 805,Operador,LIBRE,0,etapa3_final
17375535-K,2026-04-05,DOM,PERU 805,Operador,S_1130_2130_60,0,etapa3_final
17375535-K,2026-04-06,LUN,PERU 805,Operador,S_0730_1430_60,0,etapa3_final
17375535-K,2026-04-07,MAR,PERU 805,Operador,S_0730_1630_60,0,etapa3_final
17375535-K,2026-04-08,MIE,PERU 805,Operador,S_1130_2130_60,0,etapa3_final
17375535-K,2026-04-09,JUE,PERU 805,Operador,S_0730_1430_60,0,etapa3_final
17375535-K,2026-04-10,VIE,PERU 805,Operador,S_1130_2130_60,0,etapa3_final
17375535-K,2026-04-11,SAB,PERU 805,Operador,LIBRE,0,etapa3_final
17375535-K,2026-04-12,DOM,PERU 805,Operador,S_1430_2130_60,0,etapa3_final
17375535-K,2026-04-13,LUN,PERU 805,Operador,S_1130_2130_60,0,etapa3_final
17375535-K,2026-04-14,MAR,PERU 805,Operador,LIBRE,0,etapa3_final
17375535-K,2026-04-15,MIE,PERU 805,Operador,S_1130_2130_60,0,etapa3_final
17375535-K,2026-04-16,JUE,PERU 805,Operador,S_0730_1630_60,0,etapa3_final
17375535-K,2026-04-17,VIE,PERU 805,Operador,S_1130_2130_60,0,etapa3_final
17375535-K,2026-04-18,SAB,PERU 805,Operador,S_1130_2130_60,0,etapa3_final
17375535-K,2026-04-19,DOM,PERU 805,Operador,LIBRE,0,etapa3_final
17375535-K,2026-04-20,LUN,PERU 805,Operador,S_1130_2130_60,0,etapa3_final
17375535-K,2026-04-21,MAR,PERU 805,Operador,S_1430_2130_60,0,etapa3_final
17375535-K,2026-04-22,MIE,PERU 805,Operador,S_0800-1430_60,0,etapa3_final
17375535-K,2026-04-23,JUE,PERU 805,Operador,S_1130_2130_60,0,etapa3_final
17375535-K,2026-04-24,VIE,PERU 805,Operador,S_1130_2130_60,0,etapa3_final
17375535-K,2026-04-25,SAB,PERU 805,Operador,S_0800-1430_60,0,etapa3_final
17375535-K,2026-04-26,DOM,PERU 805,Operador,LIBRE,0,etapa3_final
21038278-K,2026-03-30,LUN,PERU 805,Operador pt,LIBRE,0,etapa3_final
21038278-K,2026-03-31,MAR,PERU 805,Operador pt,LIBRE,0,etapa3_final
21038278-K,2026-04-01,MIE,PERU 805,Operador pt,LIBRE,0,etapa3_final
21038278-K,2026-04-02,JUE,PERU 805,Operador pt,LIBRE,0,etapa3_final
21038278-K,2026-04-03,VIE,PERU 805,Operador pt,LIBRE,0,etapa3_final
21038278-K,2026-04-04,SAB,PERU 805,Operador pt,S_0730_1630_60,0,etapa3_final
21038278-K,2026-04-05,DOM,PERU 805,Operador pt,S_1230_2130_60,0,etapa3_final
21038278-K,2026-04-06,LUN,PERU 805,Operador pt,LIBRE,0,etapa3_final
21038278-K,2026-04-07,MAR,PERU 805,Operador pt,LIBRE,0,etapa3_final
21038278-K,2026-04-08,MIE,PERU 805,Operador pt,LIBRE,0,etapa3_final
21038278-K,2026-04-09,JUE,PERU 805,Operador pt,LIBRE,0,etapa3_final
21038278-K,2026-04-10,VIE,PERU 805,Operador pt,LIBRE,0,etapa3_final
21038278-K,2026-04-11,SAB,PERU 805,Operador pt,S_1230_2130_60,0,etapa3_final
21038278-K,2026-04-12,DOM,PERU 805,Operador pt,S_1230_2130_60,0,etapa3_final
21038278-K,2026-04-13,LUN,PERU 805,Operador pt,LIBRE,0,etapa3_final
21038278-K,2026-04-14,MAR,PERU 805,Operador pt,LIBRE,0,etapa3_final
21038278-K,2026-04-15,MIE,PERU 805,Operador pt,LIBRE,0,etapa3_final
21038278-K,2026-04-16,JUE,PERU 805,Operador pt,LIBRE,0,etapa3_final
21038278-K,2026-04-17,VIE,PERU 805,Operador pt,LIBRE,0,etapa3_final
21038278-K,2026-04-18,SAB,PERU 805,Operador pt,S_1230_2130_60,0,etapa3_final
21038278-K,2026-04-19,DOM,PERU 805,Operador pt,S_0830_1730_60,0,etapa3_final
21038278-K,2026-04-20,LUN,PERU 805,Operador pt,LIBRE,0,etapa3_final
21038278-K,2026-04-21,MAR,PERU 805,Operador pt,LIBRE,0,etapa3_final
21038278-K,2026-04-22,MIE,PERU 805,Operador pt,LIBRE,0,etapa3_final
21038278-K,2026-04-23,JUE,PERU 805,Operador pt,LIBRE,0,etapa3_final
21038278-K,2026-04-24,VIE,PERU 805,Operador pt,LIBRE,0,etapa3_final
21038278-K,2026-04-25,SAB,PERU 805,Operador pt,S_1230_2130_60,0,etapa3_final
21038278-K,2026-04-26,DOM,PERU 805,Operador pt,S_1230_2130_60,0,etapa3_final
22427708-3,2026-03-30,LUN,PERU 805,Operador,S_0730_1730_60,0,etapa3_final
22427708-3,2026-03-31,MAR,PERU 805,Operador,S_1130_2130_60,0,etapa3_final
22427708-3,2026-04-01,MIE,PERU 805,Operador,S_0730_1430_60,0,etapa3_final
22427708-3,2026-04-02,JUE,PERU 805,Operador,LIBRE,0,etapa3_final
22427708-3,2026-04-03,VIE,PERU 805,Operador,LIBRE,0,etapa3_final
22427708-3,2026-04-04,SAB,PERU 805,Operador,LIBRE,0,etapa3_final
22427708-3,2026-04-05,DOM,PERU 805,Operador,LIBRE,0,etapa3_final
22427708-3,2026-04-06,LUN,PERU 805,Operador,S_0730_1430_60,0,etapa3_final
22427708-3,2026-04-07,MAR,PERU 805,Operador,S_1430_2130_60,0,etapa3_final
22427708-3,2026-04-08,MIE,PERU 805,Operador,LIBRE,0,etapa3_final
22427708-3,2026-04-09,JUE,PERU 805,Operador,S_1430_2130_60,0,etapa3_final
22427708-3,2026-04-10,VIE,PERU 805,Operador,S_0730_1430_60,0,etapa3_final
22427708-3,2026-04-11,SAB,PERU 805,Operador,LIBRE,0,etapa3_final
22427708-3,2026-04-12,DOM,PERU 805,Operador,LIBRE,0,etapa3_final
22427708-3,2026-04-13,LUN,PERU 805,Operador,S_0730_1430_60,0,etapa3_final
22427708-3,2026-04-14,MAR,PERU 805,Operador,S_0730_1430_60,0,etapa3_final
22427708-3,2026-04-15,MIE,PERU 805,Operador,S_1430_2130_60,0,etapa3_final
22427708-3,2026-04-16,JUE,PERU 805,Operador,LIBRE,0,etapa3_final
22427708-3,2026-04-17,VIE,PERU 805,Operador,S_0730_1430_60,0,etapa3_final
22427708-3,2026-04-18,SAB,PERU 805,Operador,LIBRE,0,etapa3_final
22427708-3,2026-04-19,DOM,PERU 805,Operador,LIBRE,0,etapa3_final
22427708-3,2026-04-20,LUN,PERU 805,Operador,S_0730_1430_60,0,etapa3_final
22427708-3,2026-04-21,MAR,PERU 805,Operador,S_0730_1430_60,0,etapa3_final
22427708-3,2026-04-22,MIE,PERU 805,Operador,S_0730_1430_60,0,etapa3_final
22427708-3,2026-04-23,JUE,PERU 805,Operador,LIBRE,0,etapa3_final
22427708-3,2026-04-24,VIE,PERU 805,Operador,S_1430_2130_60,0,etapa3_final
22427708-3,2026-04-25,SAB,PERU 805,Operador,LIBRE,0,etapa3_final
22427708-3,2026-04-26,DOM,PERU 805,Operador,LIBRE,0,etapa3_final
25589838-8,2026-03-30,LUN,PERU 805,Operador pt,LIBRE,0,etapa3_final
25589838-8,2026-03-31,MAR,PERU 805,Operador pt,LIBRE,0,etapa3_final
25589838-8,2026-04-01,MIE,PERU 805,Operador pt,LIBRE,0,etapa3_final
25589838-8,2026-04-02,JUE,PERU 805,Operador pt,LIBRE,0,etapa3_final
25589838-8,2026-04-03,VIE,PERU 805,Operador pt,LIBRE,0,etapa3_final
25589838-8,2026-04-04,SAB,PERU 805,Operador pt,S_0730_1630_60,0,etapa3_final
25589838-8,2026-04-05,DOM,PERU 805,Operador pt,S_0830_1730_60,0,etapa3_final
25589838-8,2026-04-06,LUN,PERU 805,Operador pt,LIBRE,0,etapa3_final
25589838-8,2026-04-07,MAR,PERU 805,Operador pt,LIBRE,0,etapa3_final
25589838-8,2026-04-08,MIE,PERU 805,Operador pt,LIBRE,0,etapa3_final
25589838-8,2026-04-09,JUE,PERU 805,Operador pt,LIBRE,0,etapa3_final
25589838-8,2026-04-10,VIE,PERU 805,Operador pt,LIBRE,0,etapa3_final
25589838-8,2026-04-11,SAB,PERU 805,Operador pt,S_0730_1630_60,0,etapa3_final
25589838-8,2026-04-12,DOM,PERU 805,Operador pt,S_0830_1730_60,0,etapa3_final
25589838-8,2026-04-13,LUN,PERU 805,Operador pt,LIBRE,0,etapa3_final
25589838-8,2026-04-14,MAR,PERU 805,Operador pt,LIBRE,0,etapa3_final
25589838-8,2026-04-15,MIE,PERU 805,Operador pt,LIBRE,0,etapa3_final
25589838-8,2026-04-16,JUE,PERU 805,Operador pt,LIBRE,0,etapa3_final
25589838-8,2026-04-17,VIE,PERU 805,Operador pt,LIBRE,0,etapa3_final
25589838-8,2026-04-18,SAB,PERU 805,Operador pt,S_0730_1630_60,0,etapa3_final
25589838-8,2026-04-19,DOM,PERU 805,Operador pt,S_0830_1730_60,0,etapa3_final
25589838-8,2026-04-20,LUN,PERU 805,Operador pt,LIBRE,0,etapa3_final
25589838-8,2026-04-21,MAR,PERU 805,Operador pt,LIBRE,0,etapa3_final
25589838-8,2026-04-22,MIE,PERU 805,Operador pt,LIBRE,0,etapa3_final
25589838-8,2026-04-23,JUE,PERU 805,Operador pt,LIBRE,0,etapa3_final
25589838-8,2026-04-24,VIE,PERU 805,Operador pt,LIBRE,0,etapa3_final
25589838-8,2026-04-25,SAB,PERU 805,Operador pt,S_0730_1630_60,0,etapa3_final
25589838-8,2026-04-26,DOM,PERU 805,Operador pt,S_0830_1730_60,0,etapa3_final
26411457-8,2026-03-30,LUN,PERU 805,Administrador de tienda,LIBRE,0,etapa3_final
26411457-8,2026-03-31,MAR,PERU 805,Administrador de tienda,S_0730_1730_60,0,etapa3_final
26411457-8,2026-04-01,MIE,PERU 805,Administrador de tienda,S_0730_1500_60,0,etapa3_final
26411457-8,2026-04-02,JUE,PERU 805,Administrador de tienda,S_0730_1500_60,0,etapa3_final
26411457-8,2026-04-03,VIE,PERU 805,Administrador de tienda,S_0730_1630_60,0,etapa3_final
26411457-8,2026-04-04,SAB,PERU 805,Administrador de tienda,S_0730_1430_60,0,etapa3_final
26411457-8,2026-04-05,DOM,PERU 805,Administrador de tienda,S_0830_1730_60,0,etapa3_final
26411457-8,2026-04-06,LUN,PERU 805,Administrador de tienda,LIBRE,0,etapa3_final
26411457-8,2026-04-07,MAR,PERU 805,Administrador de tienda,S_0730_1500_60,0,etapa3_final
26411457-8,2026-04-08,MIE,PERU 805,Administrador de tienda,S_0730_1600_60,0,etapa3_final
26411457-8,2026-04-09,JUE,PERU 805,Administrador de tienda,S_0730_1730_60,0,etapa3_final
26411457-8,2026-04-10,VIE,PERU 805,Administrador de tienda,S_0730_1600_60,0,etapa3_final
26411457-8,2026-04-11,SAB,PERU 805,Administrador de tienda,S_0730_1600_60,0,etapa3_final
26411457-8,2026-04-12,DOM,PERU 805,Administrador de tienda,S_0830_1530_60,0,etapa3_final
26411457-8,2026-04-13,LUN,PERU 805,Administrador de tienda,LIBRE,0,etapa3_final
26411457-8,2026-04-14,MAR,PERU 805,Administrador de tienda,S_0730_1730_60,0,etapa3_final
26411457-8,2026-04-15,MIE,PERU 805,Administrador de tienda,S_0730_1730_60,0,etapa3_final
26411457-8,2026-04-16,JUE,PERU 805,Administrador de tienda,S_0730_1630_60,0,etapa3_final
26411457-8,2026-04-17,VIE,PERU 805,Administrador de tienda,S_0730_1730_60,0,etapa3_final
26411457-8,2026-04-18,SAB,PERU 805,Administrador de tienda,S_0730_1730_60,0,etapa3_final
26411457-8,2026-04-19,DOM,PERU 805,Administrador de tienda,LIBRE,0,etapa3_final
26411457-8,2026-04-20,LUN,PERU 805,Administrador de tienda,LIBRE,0,etapa3_final
26411457-8,2026-04-21,MAR,PERU 805,Administrador de tienda,S_0730_1730_60,0,etapa3_final
26411457-8,2026-04-22,MIE,PERU 805,Administrador de tienda,S_0730_1730_60,0,etapa3_final
26411457-8,2026-04-23,JUE,PERU 805,Administrador de tienda,S_0730_1730_60,0,etapa3_final
26411457-8,2026-04-24,VIE,PERU 805,Administrador de tienda,S_0730_1730_60,0,etapa3_final
26411457-8,2026-04-25,SAB,PERU 805,Administrador de tienda,S_0730_1630_60,0,etapa3_final
26411457-8,2026-04-26,DOM,PERU 805,Administrador de tienda,LIBRE,0,etapa3_final
8222478-5,2026-03-30,LUN,PERU 805,Administrador de tienda Jr,LIBRE,0,etapa3_final
8222478-5,2026-03-31,MAR,PERU 805,Administrador de tienda Jr,S_0730_1630_60,0,etapa3_final
8222478-5,2026-04-01,MIE,PERU 805,Administrador de tienda Jr,S_1130_2130_60,0,etapa3_final
8222478-5,2026-04-02,JUE,PERU 805,Administrador de tienda Jr,S_1130_2130_60,0,etapa3_final
8222478-5,2026-04-03,VIE,PERU 805,Administrador de tienda Jr,S_1130_2130_60,0,etapa3_final
8222478-5,2026-04-04,SAB,PERU 805,Administrador de tienda Jr,S_1130_2130_60,0,etapa3_final
8222478-5,2026-04-05,DOM,PERU 805,Administrador de tienda Jr,LIBRE,0,etapa3_final
8222478-5,2026-04-06,LUN,PERU 805,Administrador de tienda Jr,S_1130_2130_60,0,etapa3_final
8222478-5,2026-04-07,MAR,PERU 805,Administrador de tienda Jr,S_0800-1430_60,0,etapa3_final
8222478-5,2026-04-08,MIE,PERU 805,Administrador de tienda Jr,S_0730_1430_60,0,etapa3_final
8222478-5,2026-04-09,JUE,PERU 805,Administrador de tienda Jr,S_0800-1430_60,0,etapa3_final
8222478-5,2026-04-10,VIE,PERU 805,Administrador de tienda Jr,S_1130_2130_60,0,etapa3_final
8222478-5,2026-04-11,SAB,PERU 805,Administrador de tienda Jr,S_1130_2130_60,0,etapa3_final
8222478-5,2026-04-12,DOM,PERU 805,Administrador de tienda Jr,LIBRE,0,etapa3_final
8222478-5,2026-04-13,LUN,PERU 805,Administrador de tienda Jr,S_1130_2130_60,0,etapa3_final
8222478-5,2026-04-14,MAR,PERU 805,Administrador de tienda Jr,S_1130_2130_60,0,etapa3_final
8222478-5,2026-04-15,MIE,PERU 805,Administrador de tienda Jr,LIBRE,0,etapa3_final
8222478-5,2026-04-16,JUE,PERU 805,Administrador de tienda Jr,S_1430_2130_60,0,etapa3_final
8222478-5,2026-04-17,VIE,PERU 805,Administrador de tienda Jr,S_0800-1430_60,0,etapa3_final
8222478-5,2026-04-18,SAB,PERU 805,Administrador de tienda Jr,S_0800-1430_60,0,etapa3_final
8222478-5,2026-04-19,DOM,PERU 805,Administrador de tienda Jr,S_1130_2130_60,0,etapa3_final
8222478-5,2026-04-20,LUN,PERU 805,Administrador de tienda Jr,S_1130_2130_60,0,etapa3_final
8222478-5,2026-04-21,MAR,PERU 805,Administrador de tienda Jr,LIBRE,0,etapa3_final
8222478-5,2026-04-22,MIE,PERU 805,Administrador de tienda Jr,S_1430_2130_60,0,etapa3_final
8222478-5,2026-04-23,JUE,PERU 805,Administrador de tienda Jr,S_0730_1430_60,0,etapa3_final
8222478-5,2026-04-24,VIE,PERU 805,Administrador de tienda Jr,S_0730_1630_60,0,etapa3_final
8222478-5,2026-04-25,SAB,PERU 805,Administrador de tienda Jr,S_1430_2130_60,0,etapa3_final
8222478-5,2026-04-26,DOM,PERU 805,Administrador de tienda Jr,S_1130_2130_60,0,etapa3_final
